,ISI,RT,Response,Stimulus,Trial
0,3000,1494.2742435747132,FA,red,0
1,2500,500.14843891317184,HIT,green,1
2,1000,1718.9903190235825,FA,red,2
3,2000,300.108480486287,HIT,green,3
4,1000,272.2433539734119,FA,red,4
