,ISI,RT,Response,Stimulus,Trial
0,500,2000.043177584038,CR,red,0
1,500,560.3630289509524,HIT,green,1
2,1000,2000.1208461375732,CR,red,2
3,1500,356.25262514601275,HIT,green,3
4,1000,444.19821014862396,HIT,green,4
