,ISI,RT,Response,Stimulus,Trial
0,500,1094.0898318578006,HIT,green,0
1,1500,455.678848706766,HIT,green,1
2,1000,395.8227092631006,HIT,green,2
3,1500,488.72324139488654,HIT,green,3
4,1500,403.95286949537024,HIT,green,4
