,ISI,RT,Response,Stimulus,Trial
0,3000,322.5393631383007,HIT,green,0
1,2500,265.61751098856587,FA,red,1
2,500,508.8327540553728,FA,red,2
3,3500,243.49730255069701,FA,red,3
4,1500,249.45529817059864,HIT,green,4
