,ISI,RT,Response,Stimulus,Trial
0,500,2000.082522838131,CR,red,0
1,1000,1227.7556240719373,FA,red,1
2,1500,553.4339209231938,FA,red,2
3,1500,257.27810554134226,HIT,green,3
4,1500,548.4242992201445,FA,red,4
