,ISI,RT,Response,Stimulus,Trial
0,500,414.970307107593,HIT,green,0
1,500,512.9857222715603,HIT,green,1
2,1000,1500.0439440500272,CR,red,2
3,500,602.1101319650057,HIT,green,3
4,1500,757.0060101153082,HIT,green,4
